firstname,lastname,age
Liam,Smith,29
Emma,Johnson,34
Noah,Williams,23
Olivia,Jones,45
Ava,Brown,31
Isabella,Davis,27
Sophia,Miller,38
Mason,Garcia,22
Logan,Martinez,36
Lucas,Hernandez,41
Mia,Lopez,30
Amelia,Gonzalez,25
Harper,Wilson,33
Evelyn,Anderson,28
Ella,Thomas,40
Scarlett,Taylor,26
Grace,Moore,37
Chloe,Jackson,32
Victoria,Martin,24
Aria,Lee,35
Zoe,Perez,30
Sofia,Thompson,42
Riley,White,21
Lily,Harris,39
Nora,Clark,34
Layla,Lewis,29
Camila,Robinson,27
Samantha,Walker,36
Addison,Hall,25
Avery,Allen,38
Hannah,Young,22
Brooklyn,King,43
Savannah,Wright,31
Lillian,Scott,30
Natalie,Torres,35
Kinsley,Nguyen,24
Aaliyah,Adams,26
Peyton,Baker,33
Leah,Hall,29
Maddison,Green,41
Skylar,Nelson,22
Claire,Carter,37
Autumn,Mitchell,34
Ellie,Perez,23
Nina,Roberts,30
Lucy,Turner,28
Stella,Phillips,45
Bella,Campbell,32
Kylie,Park,26
Sadie,Evans,39
Zara,Edwards,21
